id,nome,segmento,plano,mrr,csm_responsavel,estado,health_score,freq_score,breadth_score,depth_score,engagement_score,support_score
2,Sítio Santa Fé,Pequeno Produtor,Starter,503.21,Carla Mendes,SP,40.02,5.95482546201232,50.0,100.0,5.133470225872689,50.0
3,Fazenda Terra Rica,Médio Produtor,Starter,1518.44,Ana Silva,TO,51.31,65.09240246406571,50.0,53.333333333333336,71.86858316221766,0.0
4,Estância Recanto dos Santos,Pequeno Produtor,Starter,475.65,Carla Mendes,SP,34.67,12.114989733059549,44.44444444444444,100.0,13.75770020533881,0.0
5,Estância Progresso,Médio Produtor,Professional,2474.88,Carla Mendes,GO,51.26,54.72279260780287,50.0,41.66666666666667,58.72689938398358,50.0
6,Estância Horizonte,Médio Produtor,Professional,1962.03,Bruno Costa,GO,32.85,28.336755646817245,33.33333333333333,33.33333333333333,24.64065708418891,50.0
7,Sítio Recanto,Médio Produtor,Professional,2119.2,Bruno Costa,MS,42.88,52.772073921971256,50.0,41.66666666666667,56.77618069815195,0.0
8,Haras Recanto,Pequeno Produtor,Professional,730.81,Carla Mendes,TO,45.55,50.92402464065708,46.666666666666664,44.44444444444444,54.20944558521561,25.0
9,Haras Ouro Verde,Pequeno Produtor,Starter,798.52,Carla Mendes,BA,47.77,51.33470225872689,44.44444444444444,33.33333333333333,40.6570841889117,75.0
10,Granja Água Clara,Pequeno Produtor,Enterprise,517.47,Diego Oliveira,MS,50.28,48.97330595482546,50.0,55.55555555555556,47.125256673511295,50.0
11,Haras Alto Alegre,Pequeno Produtor,Professional,472.23,Carla Mendes,PR,34.44,33.67556468172484,25.0,33.33333333333333,34.29158110882957,50.0
12,Estância Serra Verde Silva,Pequeno Produtor,Starter,772.1,Ana Silva,TO,39.61,41.68377823408625,50.0,33.33333333333333,43.83983572895277,25.0
13,Sítio Água Clara,Grande Produtor,Starter,5172.95,Elena Santos,TO,67.27,85.42094455852155,50.0,73.33333333333333,87.47433264887063,25.0
14,Haras Terra Rica,Pequeno Produtor,Starter,523.58,Elena Santos,SC,45.34,47.227926078028744,50.0,33.33333333333333,46.81724845995893,50.0
15,Haras São José dos Santos,Médio Produtor,Starter,908.84,Ana Silva,MS,53.49,51.95071868583162,50.0,50.0,55.64681724845995,62.5
16,Rancho Ouro Verde dos Santos,Pequeno Produtor,Starter,601.39,Carla Mendes,BA,40.4,13.141683778234087,50.0,100.0,16.83778234086242,25.0
17,Fazenda Sol Nascente Ferreira,Pequeno Produtor,Professional,718.3,Bruno Costa,RS,49.04,17.453798767967147,66.66666666666666,100.0,19.199178644763858,50.0
19,Estância Santa Fé Ferreira,Pequeno Produtor,Professional,328.25,Elena Santos,RS,55.89,46.61190965092403,50.0,50.0,46.201232032854215,100.0
20,Rancho Alto Alegre,Pequeno Produtor,Starter,781.23,Ana Silva,SC,40.1,33.162217659137575,50.0,33.33333333333333,38.19301848049281,50.0
21,Rancho Esperança,Pequeno Produtor,Enterprise,248.07,Elena Santos,TO,57.07,25.97535934291581,66.66666666666666,100.0,29.97946611909651,75.0
23,Estância Boa Vista,Pequeno Produtor,Professional,537.8,Bruno Costa,MS,48.2,17.453798767967147,50.0,100.0,12.93634496919918,75.0
26,Haras Ouro Verde,Pequeno Produtor,Professional,366.01,Bruno Costa,MG,38.8,5.338809034907597,25.0,100.0,6.057494866529774,75.0
27,Rancho União Oliveira,Pequeno Produtor,Enterprise,742.36,Carla Mendes,SP,39.08,39.1170431211499,50.0,55.55555555555556,40.965092402464066,0.0
28,Sítio Sol Nascente,Grande Produtor,Starter,3872.41,Carla Mendes,PR,50.71,77.20739219712526,33.33333333333333,36.36363636363637,68.58316221765914,25.0
30,Rancho Campo Belo dos Santos,Grande Produtor,Starter,6991.23,Carla Mendes,MT,64.18,87.47433264887063,33.33333333333333,36.36363636363637,85.62628336755647,75.0
31,Estância São José Souza,Pequeno Produtor,Professional,607.71,Elena Santos,MS,36.63,30.184804928131413,33.33333333333333,33.33333333333333,22.484599589322382,75.0
32,Haras Ouro Verde Ferreira,Médio Produtor,Starter,1830.56,Bruno Costa,GO,53.37,68.17248459958932,50.0,42.857142857142854,70.02053388090349,25.0
33,Rancho Campo Belo,Pequeno Produtor,Starter,598.54,Bruno Costa,MT,46.0,36.139630390143736,55.55555555555556,50.0,22.99794661190965,75.0
34,Fazenda Serra Verde Souza,Médio Produtor,Starter,1930.38,Bruno Costa,TO,67.69,75.7700205338809,50.0,77.77777777777779,78.4394250513347,50.0
35,Haras Progresso,Médio Produtor,Starter,1551.04,Elena Santos,MT,63.84,81.00616016427105,50.0,66.66666666666666,82.54620123203286,25.0
37,Sítio Alto Alegre,Médio Produtor,Enterprise,1778.64,Bruno Costa,SC,53.27,68.78850102669405,33.333333333333336,33.33333333333333,76.18069815195072,50.0
39,Estância Campo Belo,Médio Produtor,Professional,2227.77,Bruno Costa,SC,46.63,53.08008213552361,33.333333333333336,33.333333333333336,62.62833675564682,50.0
40,Rancho Ouro Verde Souza,Pequeno Produtor,Starter,429.82,Bruno Costa,BA,42.4,11.39630390143737,50.0,100.0,10.266940451745379,50.0
41,Granja Paraíso,Grande Produtor,Professional,6325.38,Diego Oliveira,RS,78.36,93.22381930184805,60.0,65.0,94.04517453798768,75.0
42,Rancho Recanto,Pequeno Produtor,Professional,217.41,Ana Silva,SP,46.14,41.68377823408625,53.333333333333336,50.0,37.782340862423,50.0
43,Estância Campo Belo,Pequeno Produtor,Professional,720.11,Ana Silva,BA,45.97,14.989733059548255,50.0,100.0,23.613963039014372,50.0
44,Haras São José,Pequeno Produtor,Enterprise,452.94,Carla Mendes,GO,36.83,12.73100616016427,53.333333333333336,100.0,14.887063655030802,0.0
45,Haras Água Clara,Pequeno Produtor,Starter,291.43,Ana Silva,PR,62.62,23.100616016427107,88.88888888888889,100.0,20.32854209445585,100.0
46,Rancho Bom Futuro,Médio Produtor,Enterprise,2021.21,Diego Oliveira,GO,72.3,70.32854209445586,66.66666666666666,83.33333333333334,67.35112936344969,75.0
47,Fazenda Terra Rica,Pequeno Produtor,Professional,576.35,Elena Santos,MS,44.35,9.342915811088295,25.0,100.0,10.061601642710473,100.0
48,Haras Alto Alegre,Pequeno Produtor,Professional,207.59,Bruno Costa,MT,47.07,30.49281314168378,60.0,50.0,31.006160164271044,75.0
49,Fazenda Água Clara,Médio Produtor,Enterprise,2116.89,Ana Silva,GO,53.25,61.293634496919914,33.333333333333336,33.33333333333333,66.73511293634496,75.0
50,Estância Água Clara,Médio Produtor,Professional,1935.92,Carla Mendes,TO,62.88,72.99794661190965,50.0,60.0,75.66735112936345,50.0
51,Sítio Primavera,Médio Produtor,Starter,817.26,Carla Mendes,RS,47.99,36.139630390143736,50.0,25.0,44.76386036960985,100.0
52,Granja Alto Alegre,Pequeno Produtor,Starter,376.54,Bruno Costa,SC,39.13,40.34907597535934,50.0,66.66666666666666,28.54209445585216,0.0
53,Granja Progresso Souza,Pequeno Produtor,Professional,362.55,Ana Silva,MT,40.59,44.6611909650924,55.55555555555556,50.0,41.581108829568784,0.0
54,Sítio Serra Verde Ferreira,Médio Produtor,Enterprise,1691.88,Ana Silva,PR,50.59,69.81519507186859,50.0,46.666666666666664,68.99383983572895,0.0
55,Estância Primavera,Pequeno Produtor,Enterprise,532.02,Ana Silva,MS,35.27,34.29158110882957,33.33333333333333,33.33333333333333,48.04928131416838,25.0
56,Granja Horizonte,Pequeno Produtor,Starter,764.64,Carla Mendes,PR,41.66,34.29158110882957,50.0,50.0,27.92607802874743,50.0
57,Granja Sol Nascente,Pequeno Produtor,Professional,382.3,Carla Mendes,BA,50.79,20.431211498973305,66.66666666666666,100.0,24.229979466119097,50.0
58,Haras Nova Era dos Santos,Médio Produtor,Professional,2262.28,Diego Oliveira,PR,69.09,76.59137577002053,66.66666666666666,72.22222222222221,73.30595482546201,50.0
59,Estância Santa Fé Silva,Pequeno Produtor,Professional,293.92,Bruno Costa,MT,43.09,33.162217659137575,53.333333333333336,50.0,33.162217659137575,50.0
60,Fazenda Progresso,Médio Produtor,Professional,1924.01,Ana Silva,TO,42.68,58.52156057494866,33.333333333333336,33.33333333333333,54.82546201232032,25.0
61,Fazenda Paraíso Souza,Médio Produtor,Professional,1290.64,Carla Mendes,MS,45.24,46.81724845995893,53.333333333333336,55.55555555555556,40.04106776180698,25.0
62,Fazenda Progresso,Médio Produtor,Starter,1189.17,Bruno Costa,RS,69.79,80.28747433264887,66.66666666666666,87.5,75.66735112936345,25.0
63,Haras Esperança,Grande Produtor,Starter,5719.31,Bruno Costa,MS,64.02,88.29568788501027,50.0,33.333333333333336,88.91170431211499,50.0
64,Fazenda Bom Futuro,Pequeno Produtor,Professional,597.55,Bruno Costa,SP,43.36,43.634496919917865,50.0,50.0,43.53182751540041,25.0
65,Sítio Serra Verde,Médio Produtor,Professional,1502.52,Bruno Costa,RS,41.87,48.25462012320328,33.33333333333333,25.0,53.182751540041075,50.0
66,Fazenda Santa Fé,Pequeno Produtor,Enterprise,565.32,Elena Santos,PR,39.6,13.141683778234087,47.61904761904762,100.0,15.195071868583163,25.0
67,Sítio Paraíso,Médio Produtor,Professional,1665.08,Ana Silva,PR,56.22,64.37371663244353,40.0,46.666666666666664,57.70020533880903,75.0
68,Haras Serra Verde,Grande Produtor,Starter,6845.03,Ana Silva,TO,60.07,90.75975359342917,33.33333333333333,44.44444444444445,90.34907597535934,25.0
69,Sítio Sol Nascente,Cooperativa,Professional,10526.12,Bruno Costa,GO,79.49,98.35728952772074,46.666666666666664,54.480286738351246,98.35728952772074,100.0
70,Granja Campo Belo,Grande Produtor,Professional,4249.97,Carla Mendes,RS,62.76,91.58110882956879,53.333333333333336,52.17391304347826,93.83983572895276,0.0
72,Haras Serra Verde,Grande Produtor,Enterprise,7226.38,Ana Silva,MG,65.19,93.01848049281314,50.0,66.66666666666667,93.01848049281314,0.0
73,Estância São José Oliveira,Pequeno Produtor,Starter,580.25,Ana Silva,BA,51.81,15.91375770020534,44.44444444444444,100.0,19.71252566735113,100.0
74,Haras Sol Nascente,Pequeno Produtor,Professional,539.56,Bruno Costa,TO,51.96,23.716632443531825,77.77777777777779,100.0,14.887063655030802,50.0
75,Granja Progresso Oliveira,Pequeno Produtor,Professional,352.39,Bruno Costa,TO,42.14,42.19712525667351,50.0,50.0,39.21971252566735,25.0
76,Estância Recanto Oliveira,Pequeno Produtor,Enterprise,614.19,Bruno Costa,SP,30.33,22.176591375770023,33.33333333333333,50.0,21.868583162217657,25.0
77,Estância Sol Nascente,Cooperativa,Professional,12666.17,Diego Oliveira,MS,74.77,100.0,66.66666666666666,82.81786941580755,99.38398357289527,0.0
78,Fazenda Serra Verde,Pequeno Produtor,Starter,350.38,Carla Mendes,SP,48.55,52.361396303901444,50.0,33.33333333333333,56.46817248459959,50.0
79,Estância Alto Alegre,Médio Produtor,Professional,953.23,Diego Oliveira,MT,52.23,58.82956878850103,41.66666666666667,60.0,48.459958932238195,50.0
80,Sítio Sol Nascente,Grande Produtor,Starter,7035.79,Elena Santos,BA,66.68,89.3223819301848,33.33333333333333,43.47826086956522,88.7063655030801,75.0
81,Haras Água Clara,Cooperativa,Professional,14218.18,Bruno Costa,MS,61.01,96.09856262833677,50.0,38.22222222222222,96.71457905544148,0.0
82,Haras Serra Verde,Pequeno Produtor,Starter,215.01,Diego Oliveira,MG,47.91,45.17453798767967,33.33333333333333,44.44444444444444,49.07597535934292,75.0
83,Rancho Santa Fé,Pequeno Produtor,Enterprise,382.62,Carla Mendes,SC,34.92,23.716632443531825,50.0,50.0,26.180698151950722,25.0
86,Sítio Campo Belo,Cooperativa,Starter,13669.66,Carla Mendes,TO,78.31,95.07186858316223,50.0,52.84552845528455,94.8665297741273,100.0
87,Sítio Recanto,Pequeno Produtor,Enterprise,286.81,Diego Oliveira,PR,54.14,22.176591375770023,77.77777777777779,100.0,27.720739219712527,50.0
88,Granja Esperança,Pequeno Produtor,Starter,452.58,Bruno Costa,GO,48.01,20.841889117043124,50.0,100.0,26.488706365503077,50.0
89,Rancho Ouro Verde,Grande Produtor,Starter,6807.75,Elena Santos,RS,63.59,89.73305954825463,33.33333333333333,45.83333333333333,89.11704312114989,50.0
90,Granja Campo Belo,Médio Produtor,Professional,2328.75,Carla Mendes,TO,33.41,49.58932238193018,33.33333333333333,33.333333333333336,38.398357289527716,0.0
91,Granja Nova Era,Médio Produtor,Professional,1829.23,Elena Santos,GO,73.62,66.52977412731006,66.66666666666666,77.77777777777779,65.50308008213553,100.0
92,Estância União,Pequeno Produtor,Professional,439.24,Carla Mendes,RS,26.71,23.100616016427107,50.0,33.33333333333333,21.35523613963039,0.0
93,Granja Campo Belo,Pequeno Produtor,Professional,255.94,Elena Santos,BA,49.0,15.91375770020534,66.66666666666666,100.0,20.944558521560573,50.0
94,Granja Alto Alegre Souza,Pequeno Produtor,Professional,650.17,Bruno Costa,GO,33.35,28.74743326488706,50.0,33.33333333333333,28.74743326488706,25.0
95,Granja Paraíso,Grande Produtor,Starter,5559.46,Carla Mendes,SC,80.05,89.5277207392197,55.55555555555556,69.6969696969697,88.09034907597535,100.0
96,Estância Terra Rica Silva,Pequeno Produtor,Enterprise,697.68,Diego Oliveira,TO,47.59,36.139630390143736,50.0,66.66666666666666,38.60369609856263,50.0
97,Rancho Campo Belo Oliveira,Médio Produtor,Starter,2059.65,Bruno Costa,MS,37.76,28.74743326488706,50.0,33.33333333333333,32.03285420944558,50.0
98,Rancho Ouro Verde,Médio Produtor,Professional,944.43,Ana Silva,RS,61.78,66.94045174537987,77.77777777777779,66.66666666666666,62.01232032854209,25.0
99,Estância São José Ferreira,Pequeno Produtor,Starter,507.41,Carla Mendes,SP,45.48,39.630390143737166,55.55555555555556,50.0,34.80492813141684,50.0
100,Rancho Progresso Ferreira,Pequeno Produtor,Starter,326.74,Carla Mendes,GO,56.96,18.583162217659137,66.66666666666666,100.0,19.917864476386036,100.0
101,Estância Recanto,Médio Produtor,Professional,2170.54,Elena Santos,BA,40.16,31.006160164271044,40.0,33.33333333333333,32.4435318275154,75.0
102,Fazenda Sol Nascente,Médio Produtor,Professional,995.79,Bruno Costa,BA,75.5,66.73511293634496,91.66666666666666,77.77777777777779,68.37782340862422,75.0
103,Fazenda Alto Alegre,Médio Produtor,Starter,1327.47,Carla Mendes,MS,46.92,62.62833675564682,50.0,46.666666666666664,59.65092402464066,0.0
104,Sítio Horizonte Souza,Pequeno Produtor,Enterprise,587.27,Ana Silva,RS,45.79,22.176591375770023,55.55555555555556,100.0,26.899383983572893,25.0
105,Rancho Horizonte,Médio Produtor,Professional,1563.14,Ana Silva,MT,54.87,67.76180698151951,41.66666666666667,38.095238095238095,72.38193018480493,50.0
106,Haras Boa Vista,Médio Produtor,Starter,926.12,Bruno Costa,SC,57.31,68.78850102669405,33.33333333333333,50.0,60.98562628336756,75.0
108,Haras Santa Fé,Médio Produtor,Professional,2223.54,Ana Silva,SC,60.74,75.97535934291582,50.0,50.0,71.25256673511294,50.0
109,Haras Campo Belo dos Santos,Médio Produtor,Starter,1433.85,Diego Oliveira,SC,60.04,71.66324435318275,44.44444444444444,53.333333333333336,75.35934291581108,50.0
111,Estância Santa Maria,Pequeno Produtor,Professional,250.83,Bruno Costa,PR,36.83,35.01026694045174,33.333333333333336,33.33333333333333,36.24229979466119,50.0
112,Fazenda Alto Alegre,Cooperativa,Starter,21024.66,Bruno Costa,SC,74.81,97.1252566735113,50.0,68.02721088435375,97.1252566735113,50.0
113,Granja Progresso,Pequeno Produtor,Starter,659.78,Diego Oliveira,SP,47.78,17.967145790554415,55.55555555555556,100.0,23.408624229979466,50.0
114,Rancho Nova Era,Pequeno Produtor,Professional,342.52,Ana Silva,TO,44.21,37.16632443531827,66.66666666666666,66.66666666666666,41.27310061601643,0.0
115,Estância Bela Vista,Cooperativa,Professional,12790.12,Carla Mendes,SC,59.69,97.5359342915811,33.333333333333336,45.662100456621005,97.5359342915811,0.0
116,Sítio Santa Fé,Grande Produtor,Starter,6697.14,Elena Santos,SP,81.05,92.81314168377823,88.88888888888889,89.58333333333334,91.9917864476386,25.0
117,Fazenda Horizonte,Pequeno Produtor,Starter,424.38,Bruno Costa,PR,51.48,48.25462012320328,66.66666666666666,50.0,42.91581108829568,50.0
118,Fazenda Boa Vista Silva,Pequeno Produtor,Starter,697.86,Bruno Costa,PR,43.73,36.139630390143736,50.0,33.33333333333333,33.880903490759756,75.0
119,Granja Santa Fé Souza,Médio Produtor,Professional,1697.21,Bruno Costa,TO,72.1,64.37371663244353,75.0,66.66666666666666,63.347022587268995,100.0
120,Granja Ouro Verde dos Santos,Médio Produtor,Professional,1777.58,Bruno Costa,SC,54.16,69.19917864476386,33.33333333333333,37.5,75.97535934291582,50.0
122,Sítio São José,Médio Produtor,Starter,2046.0,Diego Oliveira,MS,80.04,82.95687885010267,50.0,87.5,83.9835728952772,100.0
123,Rancho São José dos Santos,Grande Produtor,Starter,6785.28,Diego Oliveira,GO,63.0,86.0369609856263,33.33333333333333,31.818181818181817,86.0369609856263,75.0
124,Fazenda Horizonte,Grande Produtor,Starter,4205.42,Bruno Costa,MG,81.33,93.63449691991786,55.55555555555556,83.33333333333334,94.45585215605749,75.0
125,Estância Boa Vista,Médio Produtor,Professional,1480.04,Diego Oliveira,MG,50.97,66.32443531827515,33.333333333333336,38.88888888888889,62.217659137576995,50.0
126,Haras Ouro Verde Souza,Pequeno Produtor,Enterprise,308.27,Bruno Costa,MS,26.83,20.841889117043124,41.66666666666667,50.0,16.427104722792606,0.0
127,Granja Progresso,Pequeno Produtor,Professional,746.96,Bruno Costa,PR,51.09,54.20944558521561,60.0,55.55555555555556,53.38809034907598,25.0
128,Granja São José,Grande Produtor,Professional,4909.95,Bruno Costa,RS,54.09,77.51540041067761,50.0,30.555555555555554,74.2299794661191,25.0
129,Fazenda Progresso,Grande Produtor,Starter,6696.96,Elena Santos,BA,76.2,90.34907597535934,66.66666666666666,91.66666666666666,90.96509240246407,25.0
131,Sítio Horizonte Oliveira,Pequeno Produtor,Professional,798.36,Bruno Costa,SC,63.93,55.23613963039015,58.333333333333336,55.55555555555556,61.70431211498973,100.0
132,Sítio Paraíso,Pequeno Produtor,Enterprise,675.24,Elena Santos,MG,37.09,4.004106776180698,20.0,100.0,4.209445585215605,75.0
133,Fazenda Santa Fé,Pequeno Produtor,Enterprise,631.32,Bruno Costa,SC,35.57,24.743326488706366,33.333333333333336,33.33333333333333,24.02464065708419,75.0
134,Estância Sol Nascente,Pequeno Produtor,Enterprise,668.16,Ana Silva,SC,49.2,42.813141683778234,38.88888888888889,33.33333333333333,45.27720739219713,100.0
135,Granja Recanto Ferreira,Grande Produtor,Professional,3878.33,Carla Mendes,TO,83.44,96.30390143737166,75.0,88.0,96.30390143737166,50.0
137,Haras Bom Futuro dos Santos,Médio Produtor,Starter,2311.29,Diego Oliveira,SP,69.87,85.01026694045176,55.55555555555556,66.66666666666667,83.3675564681725,50.0
138,Estância Bom Futuro Oliveira,Pequeno Produtor,Professional,478.67,Elena Santos,SC,53.42,43.634496919917865,77.77777777777779,66.66666666666666,30.59548254620123,50.0
139,Rancho Paraíso,Médio Produtor,Starter,1593.0,Bruno Costa,PR,65.57,74.12731006160165,55.55555555555556,73.33333333333333,68.78850102669405,50.0
140,Rancho Santa Maria Souza,Grande Produtor,Enterprise,6466.21,Elena Santos,SC,92.2,92.1971252566735,88.88888888888889,90.47619047619048,91.37577002053389,100.0
141,Haras Primavera dos Santos,Médio Produtor,Starter,1791.68,Elena Santos,MG,74.52,67.14579055441479,66.66666666666666,77.77777777777779,69.19917864476386,100.0
142,Fazenda Bom Futuro,Pequeno Produtor,Enterprise,636.5,Carla Mendes,SC,52.7,41.067761806981515,50.0,50.0,37.16632443531827,100.0
143,Granja Terra Rica,Pequeno Produtor,Enterprise,608.24,Elena Santos,GO,38.31,9.856262833675565,33.33333333333333,100.0,8.41889117043121,50.0
144,Granja Alto Alegre Ferreira,Médio Produtor,Professional,868.43,Bruno Costa,MS,56.27,53.59342915811089,44.44444444444444,55.55555555555556,58.110882956878854,75.0
145,Estância Campo Belo,Pequeno Produtor,Enterprise,643.59,Diego Oliveira,BA,42.46,21.45790554414784,44.44444444444444,50.0,16.01642710472279,100.0
146,Granja Recanto dos Santos,Médio Produtor,Professional,2033.05,Elena Santos,TO,54.72,74.53798767967146,50.0,58.333333333333336,72.07392197125256,0.0
147,Haras Esperança Souza,Médio Produtor,Professional,2026.01,Carla Mendes,MS,58.32,78.85010266940452,55.55555555555556,61.11111111111111,76.38603696098562,0.0
148,Haras Primavera,Pequeno Produtor,Professional,322.34,Carla Mendes,MS,38.27,40.34907597535934,33.333333333333336,33.33333333333333,36.75564681724846,50.0
149,Estância Bela Vista Oliveira,Cooperativa,Professional,17063.16,Elena Santos,MT,82.58,99.38398357289527,75.0,95.74468085106383,99.17864476386036,25.0
150,Granja Bom Futuro,Médio Produtor,Professional,1631.31,Carla Mendes,BA,34.56,50.0,41.66666666666667,33.33333333333333,35.318275154004105,0.0
151,Rancho Horizonte Souza,Grande Produtor,Enterprise,6925.39,Bruno Costa,GO,83.27,92.60780287474333,50.0,82.35294117647058,93.22381930184805,100.0
152,Granja Sol Nascente,Pequeno Produtor,Professional,759.81,Ana Silva,SP,30.31,28.74743326488706,33.33333333333333,33.33333333333333,30.184804928131413,25.0
154,Granja São José,Médio Produtor,Starter,2438.65,Carla Mendes,PR,59.39,63.039014373716626,33.33333333333333,40.0,69.81519507186859,100.0
155,Granja Esperança,Pequeno Produtor,Professional,760.35,Bruno Costa,MS,44.26,21.149897330595483,70.0,100.0,24.84599589322382,0.0
156,Fazenda Campo Belo Souza,Pequeno Produtor,Enterprise,525.98,Ana Silva,MT,44.87,32.238193018480494,77.77777777777779,66.66666666666666,39.630390143737166,0.0
157,Rancho Ouro Verde,Médio Produtor,Starter,1373.09,Carla Mendes,MG,39.66,42.813141683778234,50.0,33.333333333333336,42.71047227926078,25.0
158,Estância Campo Belo,Pequeno Produtor,Starter,789.01,Ana Silva,TO,31.28,23.100616016427107,33.33333333333333,50.0,25.46201232032854,25.0
159,Granja Serra Verde,Pequeno Produtor,Professional,615.66,Bruno Costa,MT,33.08,6.570841889117044,50.0,100.0,7.186858316221765,0.0
160,Haras Bela Vista,Pequeno Produtor,Starter,774.42,Bruno Costa,SC,38.28,34.29158110882957,50.0,50.0,29.774127310061605,25.0
162,Rancho São José,Pequeno Produtor,Enterprise,465.1,Elena Santos,SC,36.04,34.70225872689938,33.33333333333333,33.33333333333333,32.648870636550306,50.0
163,Sítio Recanto Souza,Pequeno Produtor,Professional,535.28,Ana Silva,MS,51.61,50.92402464065708,50.0,55.55555555555556,51.33470225872689,50.0
164,Haras Horizonte,Médio Produtor,Professional,902.43,Carla Mendes,MS,59.56,61.90965092402464,73.33333333333333,55.55555555555556,54.00410677618069,50.0
165,Estância Esperança Ferreira,Cooperativa,Starter,22783.54,Carla Mendes,BA,78.23,99.17864476386036,66.66666666666666,82.1917808219178,99.58932238193019,25.0
166,Rancho Bela Vista,Médio Produtor,Professional,1178.57,Diego Oliveira,GO,55.53,59.34291581108829,50.0,66.66666666666666,49.28131416837782,50.0
167,Fazenda Sol Nascente dos Santos,Pequeno Produtor,Starter,365.39,Carla Mendes,TO,62.35,56.67351129363449,50.0,55.55555555555556,60.36960985626283,100.0
168,Sítio São José Oliveira,Pequeno Produtor,Professional,621.97,Ana Silva,GO,39.86,19.404517453798768,55.55555555555556,100.0,19.50718685831622,0.0
169,Estância São José,Grande Produtor,Professional,4253.97,Bruno Costa,TO,69.77,87.88501026694045,33.33333333333333,40.74074074074074,89.93839835728953,100.0
170,Sítio Serra Verde,Grande Produtor,Enterprise,5942.96,Bruno Costa,SC,54.84,88.09034907597535,33.33333333333333,42.857142857142854,87.88501026694045,0.0
171,Rancho Bela Vista,Médio Produtor,Professional,1311.25,Bruno Costa,BA,61.83,78.02874743326488,55.55555555555556,54.166666666666664,83.16221765913757,25.0
172,Haras Paraíso,Pequeno Produtor,Starter,588.02,Bruno Costa,MG,42.74,32.75154004106776,33.33333333333333,50.0,33.162217659137575,75.0
173,Fazenda Nova Era,Pequeno Produtor,Professional,634.58,Elena Santos,MG,36.55,47.74127310061601,33.33333333333333,44.44444444444444,45.27720739219713,0.0
174,Rancho Santa Fé,Médio Produtor,Professional,2354.55,Diego Oliveira,MS,53.53,77.82340862422998,44.44444444444444,45.83333333333333,80.08213552361396,0.0
175,Estância Nova Era,Pequeno Produtor,Starter,729.69,Diego Oliveira,BA,46.04,38.19301848049281,50.0,50.0,44.969199178644764,50.0
176,Estância Sol Nascente,Pequeno Produtor,Enterprise,644.75,Ana Silva,GO,39.89,11.39630390143737,41.66666666666667,100.0,6.057494866529774,50.0
177,Sítio União,Médio Produtor,Professional,1964.24,Diego Oliveira,RS,63.47,72.58726899383984,60.0,73.33333333333333,74.53798767967146,25.0
178,Fazenda União Ferreira,Pequeno Produtor,Enterprise,794.19,Carla Mendes,RS,39.6,8.008213552361395,38.88888888888889,100.0,11.601642710472278,50.0
179,Fazenda Alto Alegre,Pequeno Produtor,Professional,600.05,Bruno Costa,SC,40.95,42.19712525667351,33.333333333333336,33.33333333333333,47.84394250513347,50.0
180,Sítio Paraíso,Cooperativa,Starter,21823.67,Ana Silva,MS,90.2,98.76796714579056,66.66666666666666,87.08333333333333,98.76796714579056,100.0
181,Fazenda Horizonte,Pequeno Produtor,Starter,423.83,Diego Oliveira,SP,45.84,32.238193018480494,55.55555555555556,50.0,27.104722792607806,75.0
182,Rancho Horizonte,Pequeno Produtor,Starter,531.62,Carla Mendes,TO,49.9,25.97535934291581,66.66666666666666,100.0,31.622176591375773,25.0
183,Fazenda Água Clara,Cooperativa,Enterprise,23211.45,Bruno Costa,TO,68.78,90.55441478439425,33.33333333333333,32.22222222222222,90.14373716632443,100.0
184,Rancho Boa Vista Ferreira,Médio Produtor,Starter,2245.73,Diego Oliveira,GO,43.69,35.01026694045174,50.0,33.33333333333333,35.1129363449692,75.0
185,Estância São José Silva,Médio Produtor,Professional,1950.96,Diego Oliveira,MG,67.53,83.5728952772074,66.66666666666666,66.66666666666667,81.1088295687885,25.0
186,Granja Bom Futuro,Pequeno Produtor,Professional,772.92,Ana Silva,TO,58.21,47.43326488706365,66.66666666666666,66.66666666666666,42.19712525667351,75.0
187,Haras União,Médio Produtor,Starter,1851.65,Bruno Costa,MS,54.4,54.72279260780287,50.0,50.0,66.11909650924025,50.0
188,Rancho Santa Fé,Pequeno Produtor,Starter,765.78,Ana Silva,SC,38.81,36.139630390143736,55.55555555555556,50.0,43.3264887063655,0.0
190,Rancho Água Clara,Médio Produtor,Starter,1447.24,Ana Silva,RS,47.53,65.70841889117042,55.55555555555556,41.66666666666667,58.31622176591375,0.0
191,Estância Santa Maria,Médio Produtor,Starter,2405.18,Ana Silva,MS,61.29,81.51950718685832,55.55555555555556,66.66666666666666,82.34086242299796,0.0
192,Granja Nova Era,Grande Produtor,Starter,7242.09,Bruno Costa,PR,81.43,93.83983572895276,55.55555555555556,66.66666666666666,92.60780287474333,100.0
193,Granja Nova Era,Cooperativa,Enterprise,12954.62,Ana Silva,SC,55.89,96.50924024640656,27.77777777777778,34.099616858237546,96.91991786447639,0.0
194,Rancho Primavera Oliveira,Pequeno Produtor,Professional,216.15,Diego Oliveira,GO,61.48,56.67351129363449,60.0,55.55555555555556,45.9958932238193,100.0
195,Granja Alto Alegre,Pequeno Produtor,Starter,453.88,Carla Mendes,BA,32.66,27.31006160164271,50.0,50.0,29.158110882956876,0.0
196,Sítio Horizonte,Médio Produtor,Professional,1411.2,Carla Mendes,TO,43.52,59.65092402464066,50.0,28.57142857142857,64.47638603696099,0.0
197,Granja Recanto,Cooperativa,Professional,14793.5,Diego Oliveira,GO,70.68,96.71457905544148,46.666666666666664,52.23880597014925,96.09856262833677,50.0
198,Rancho Boa Vista Silva,Pequeno Produtor,Starter,663.41,Ana Silva,MS,30.41,28.02874743326489,50.0,33.33333333333333,33.67556468172484,0.0
199,Fazenda Esperança Oliveira,Pequeno Produtor,Professional,324.12,Ana Silva,MG,60.12,53.08008213552361,75.0,50.0,52.977412731006154,75.0
200,Rancho Sol Nascente,Médio Produtor,Starter,2472.63,Carla Mendes,PR,53.38,51.64271047227926,50.0,41.66666666666667,54.41478439425052,75.0
201,Sítio Nova Era dos Santos,Pequeno Produtor,Professional,437.35,Ana Silva,TO,45.3,45.17453798767967,33.33333333333333,33.33333333333333,47.125256673511295,75.0
202,Granja Horizonte,Pequeno Produtor,Enterprise,312.18,Elena Santos,BA,54.09,45.9958932238193,55.55555555555556,50.0,51.129363449691986,75.0
204,Sítio Primavera,Pequeno Produtor,Starter,616.06,Bruno Costa,PR,66.33,60.57494866529775,66.66666666666666,66.66666666666666,66.32443531827515,75.0
205,Rancho Bela Vista,Médio Produtor,Professional,1038.5,Ana Silva,RS,36.19,48.97330595482546,26.666666666666668,33.333333333333336,40.965092402464066,25.0
206,Sítio Bela Vista Souza,Pequeno Produtor,Professional,626.09,Ana Silva,TO,56.32,45.9958932238193,73.33333333333333,83.33333333333334,48.6652977412731,25.0
207,Granja São José,Médio Produtor,Professional,1734.53,Elena Santos,RS,56.36,60.06160164271047,50.0,66.66666666666666,52.56673511293635,50.0
208,Fazenda Santa Fé,Médio Produtor,Enterprise,974.11,Bruno Costa,MG,77.71,85.21560574948666,66.66666666666666,70.83333333333334,88.29568788501027,75.0
209,Granja União,Médio Produtor,Starter,2178.19,Bruno Costa,GO,50.97,55.95482546201232,33.33333333333333,23.80952380952381,52.772073921971256,100.0
211,Haras Bom Futuro,Cooperativa,Enterprise,10157.1,Ana Silva,TO,74.27,97.3305954825462,55.55555555555556,78.04878048780488,97.3305954825462,25.0
212,Estância Santa Fé,Médio Produtor,Professional,1437.79,Bruno Costa,MS,39.67,45.9958932238193,50.0,44.44444444444444,46.40657084188911,0.0
213,Sítio Primavera Oliveira,Médio Produtor,Enterprise,2240.18,Bruno Costa,MS,62.7,57.186858316221766,71.42857142857143,55.55555555555556,40.04106776180698,100.0
215,Estância Boa Vista,Médio Produtor,Enterprise,1527.26,Elena Santos,MT,51.83,75.25667351129364,33.33333333333333,45.83333333333333,67.14579055441479,25.0
216,Fazenda Nova Era,Pequeno Produtor,Professional,589.35,Diego Oliveira,PR,38.47,4.414784394250513,26.666666666666668,100.0,3.9014373716632447,75.0
218,Granja Santa Maria,Pequeno Produtor,Starter,379.55,Ana Silva,PR,39.64,33.67556468172484,50.0,50.0,37.37166324435318,25.0
219,Fazenda Recanto,Pequeno Produtor,Professional,576.85,Ana Silva,MS,61.93,18.583162217659137,93.33333333333333,100.0,18.069815195071868,100.0
220,Granja Serra Verde,Cooperativa,Starter,10377.11,Carla Mendes,SP,81.02,97.74127310061603,50.0,60.0,97.94661190965093,100.0
221,Sítio Primavera,Grande Produtor,Professional,4159.07,Ana Silva,GO,61.08,91.17043121149896,33.33333333333333,48.61111111111111,90.75975359342917,25.0
222,Sítio Primavera,Médio Produtor,Professional,1698.09,Carla Mendes,MG,45.39,41.067761806981515,41.66666666666667,33.33333333333333,44.35318275154005,75.0
223,Haras Alto Alegre,Pequeno Produtor,Starter,357.31,Bruno Costa,BA,45.96,29.568788501026695,66.66666666666666,100.0,26.180698151950722,0.0
224,Sítio União,Médio Produtor,Starter,1712.16,Ana Silva,BA,80.96,80.69815195071868,83.33333333333334,85.71428571428571,78.64476386036962,75.0
225,Sítio São José Souza,Médio Produtor,Professional,1904.73,Diego Oliveira,MG,56.15,79.15811088295688,50.0,54.166666666666664,77.61806981519507,0.0
226,Rancho Terra Rica,Médio Produtor,Professional,1325.79,Ana Silva,MT,68.37,87.06365503080082,77.77777777777779,70.83333333333334,84.39425051334702,0.0
227,Estância Alto Alegre Ferreira,Pequeno Produtor,Starter,668.67,Diego Oliveira,MG,51.28,40.34907597535934,50.0,50.0,49.69199178644764,75.0
228,Granja Esperança Ferreira,Médio Produtor,Professional,894.25,Ana Silva,SP,69.93,77.51540041067761,55.55555555555556,61.9047619047619,79.05544147843942,75.0
229,Haras Horizonte,Pequeno Produtor,Enterprise,346.73,Diego Oliveira,MS,39.9,31.416837782340863,58.333333333333336,50.0,33.162217659137575,25.0
230,Fazenda Bom Futuro Souza,Pequeno Produtor,Enterprise,391.96,Carla Mendes,MT,30.62,8.008213552361395,38.88888888888889,100.0,4.209445585215605,0.0
231,Estância Paraíso Oliveira,Médio Produtor,Starter,946.86,Carla Mendes,TO,47.88,48.97330595482546,50.0,27.77777777777778,44.14784394250513,75.0
232,Estância Horizonte,Cooperativa,Enterprise,21190.06,Ana Silva,SP,83.08,99.7946611909651,55.55555555555556,79.07801418439716,99.7946611909651,75.0
233,Rancho São José,Cooperativa,Starter,19174.17,Ana Silva,PR,71.64,97.94661190965093,50.0,69.27083333333334,97.74127310061603,25.0
234,Granja Esperança,Médio Produtor,Starter,2366.17,Diego Oliveira,BA,52.9,68.78850102669405,33.33333333333333,38.095238095238095,69.60985626283367,50.0
235,Haras Campo Belo,Pequeno Produtor,Professional,460.99,Diego Oliveira,MT,36.33,14.989733059548255,44.44444444444444,100.0,18.480492813141684,0.0
236,Estância Ouro Verde Oliveira,Pequeno Produtor,Enterprise,281.67,Bruno Costa,GO,71.83,55.23613963039015,83.33333333333334,66.66666666666666,65.09240246406571,100.0
237,Granja São José Oliveira,Médio Produtor,Professional,2249.22,Diego Oliveira,PR,29.15,31.724845995893226,33.33333333333333,33.33333333333333,39.42505133470226,0.0
238,Sítio Santa Maria,Pequeno Produtor,Starter,413.45,Diego Oliveira,RS,62.18,71.04722792607802,66.66666666666666,88.88888888888889,66.52977412731006,0.0
239,Sítio União Souza,Médio Produtor,Professional,961.03,Diego Oliveira,MS,54.9,65.29774127310061,55.55555555555556,55.55555555555556,63.039014373716626,25.0
240,Rancho União Oliveira,Médio Produtor,Enterprise,942.87,Elena Santos,MG,68.29,81.93018480492813,66.66666666666666,80.95238095238095,72.68993839835728,25.0
241,Sítio Terra Rica Silva,Pequeno Produtor,Professional,300.79,Diego Oliveira,MT,54.44,42.813141683778234,53.333333333333336,55.55555555555556,34.80492813141684,100.0
242,Rancho União,Pequeno Produtor,Enterprise,220.79,Ana Silva,SC,34.42,25.564681724845993,27.77777777777778,33.33333333333333,22.79260780287474,75.0
243,Granja Alto Alegre,Pequeno Produtor,Enterprise,526.19,Carla Mendes,MT,45.65,9.342915811088295,33.333333333333336,100.0,8.213552361396303,100.0
244,Granja Sol Nascente,Pequeno Produtor,Starter,331.41,Bruno Costa,MG,31.16,27.720739219712527,50.0,50.0,21.149897330595483,0.0
245,Rancho Terra Rica,Pequeno Produtor,Starter,520.21,Diego Oliveira,PR,52.53,54.20944558521561,50.0,55.55555555555556,51.84804928131417,50.0
246,Rancho Bela Vista,Pequeno Produtor,Professional,683.73,Elena Santos,RS,43.21,32.75154004106776,41.66666666666667,33.33333333333333,43.83983572895277,75.0
247,Estância Progresso,Pequeno Produtor,Starter,561.0,Diego Oliveira,MS,36.77,5.338809034907597,33.33333333333333,100.0,6.365503080082135,50.0
248,Fazenda Terra Rica,Pequeno Produtor,Starter,622.82,Bruno Costa,BA,36.71,7.392197125256674,50.0,100.0,5.544147843942506,25.0
249,Haras Bela Vista,Médio Produtor,Starter,1348.43,Bruno Costa,TO,45.31,51.64271047227926,33.33333333333333,41.66666666666667,49.48665297741273,50.0
250,Fazenda Recanto,Médio Produtor,Starter,1801.22,Ana Silva,TO,27.7,29.568788501026695,33.33333333333333,25.0,24.435318275154007,25.0
251,Estância Boa Vista Oliveira,Pequeno Produtor,Professional,752.62,Carla Mendes,PR,63.58,57.49486652977412,77.77777777777779,66.66666666666666,64.06570841889116,50.0
252,Estância Esperança,Médio Produtor,Enterprise,2196.83,Ana Silva,SP,54.12,76.38603696098562,38.095238095238095,41.66666666666667,76.59137577002053,25.0
253,Granja Horizonte,Pequeno Produtor,Professional,781.46,Carla Mendes,GO,63.04,49.58932238193018,80.0,83.33333333333334,52.361396303901444,50.0
255,Sítio Paraíso,Médio Produtor,Professional,2326.81,Elena Santos,PR,64.62,61.90965092402464,75.0,55.55555555555556,58.932238193018485,75.0
256,Rancho Recanto,Pequeno Produtor,Starter,784.64,Ana Silva,RS,63.24,47.74127310061601,77.77777777777779,66.66666666666666,55.85215605749486,75.0
258,Rancho Terra Rica dos Santos,Pequeno Produtor,Starter,493.46,Ana Silva,MT,39.02,24.743326488706366,33.33333333333333,33.33333333333333,22.484599589322382,100.0
259,Haras Terra Rica,Pequeno Produtor,Starter,702.25,Ana Silva,BA,56.15,60.57494866529775,50.0,77.77777777777779,58.52156057494866,25.0
260,Haras São José,Cooperativa,Professional,17411.23,Ana Silva,SC,79.79,98.56262833675564,53.333333333333336,68.01801801801803,98.15195071868584,75.0
261,Haras Ouro Verde Silva,Grande Produtor,Professional,5911.5,Bruno Costa,TO,57.4,72.27926078028747,26.666666666666668,30.303030303030305,64.68172484599589,100.0
262,Estância Alto Alegre,Pequeno Produtor,Enterprise,748.5,Carla Mendes,SP,60.47,25.564681724845993,83.33333333333334,100.0,30.800821355236142,75.0
263,Granja Esperança,Médio Produtor,Professional,1688.36,Carla Mendes,TO,81.7,82.23819301848049,66.66666666666666,83.33333333333334,80.69815195071868,100.0
264,Sítio Paraíso,Médio Produtor,Professional,2274.71,Bruno Costa,BA,76.31,76.79671457905543,73.33333333333333,60.0,77.20739219712526,100.0
267,Fazenda Serra Verde,Pequeno Produtor,Professional,587.33,Diego Oliveira,BA,45.17,10.780287474332649,46.666666666666664,100.0,9.44558521560575,75.0
268,Fazenda Terra Rica,Pequeno Produtor,Enterprise,727.6,Ana Silva,MT,30.43,8.726899383983573,33.33333333333333,100.0,7.905544147843943,0.0
269,Sítio Primavera,Pequeno Produtor,Professional,438.17,Carla Mendes,MS,41.36,16.324435318275153,50.0,100.0,17.659137577002053,25.0
270,Granja Nova Era,Pequeno Produtor,Professional,355.2,Ana Silva,GO,51.79,55.95482546201232,50.0,66.66666666666666,53.59342915811089,25.0
271,Fazenda Sol Nascente Oliveira,Médio Produtor,Starter,1496.16,Ana Silva,MT,62.6,58.0082135523614,50.0,55.55555555555556,59.95893223819302,100.0
272,Granja Bom Futuro,Pequeno Produtor,Starter,409.23,Carla Mendes,SP,41.05,26.899383983572893,50.0,50.0,15.400410677618071,75.0
273,Estância Horizonte,Médio Produtor,Professional,2233.58,Bruno Costa,MT,51.97,68.17248459958932,41.66666666666667,46.666666666666664,67.5564681724846,25.0
276,Haras Bela Vista,Grande Produtor,Professional,5290.23,Diego Oliveira,PR,68.97,84.70225872689939,33.33333333333333,53.84615384615385,76.79671457905543,100.0
277,Estância Água Clara,Grande Produtor,Enterprise,6099.39,Elena Santos,RS,67.85,88.7063655030801,58.333333333333336,66.66666666666666,84.59958932238193,25.0
278,Sítio União,Grande Produtor,Professional,7265.16,Bruno Costa,MS,68.52,82.23819301848049,53.333333333333336,46.666666666666664,83.5728952772074,75.0
280,Haras Ouro Verde,Médio Produtor,Starter,1265.0,Carla Mendes,RS,56.96,62.217659137576995,50.0,58.333333333333336,61.19096509240246,50.0
281,Fazenda Horizonte,Pequeno Produtor,Starter,319.65,Ana Silva,GO,36.24,17.453798767967147,50.0,50.0,21.868583162217657,50.0
282,Rancho Alto Alegre,Médio Produtor,Starter,1019.18,Elena Santos,MS,51.92,72.99794661190965,44.44444444444444,50.0,73.92197125256673,0.0
283,Haras União dos Santos,Pequeno Produtor,Professional,280.27,Ana Silva,TO,26.51,23.100616016427107,33.33333333333333,50.0,20.32854209445585,0.0
285,Haras Santa Maria,Pequeno Produtor,Starter,466.59,Diego Oliveira,MG,44.18,10.780287474332649,55.55555555555556,100.0,14.37371663244353,50.0
288,Fazenda Alto Alegre dos Santos,Médio Produtor,Professional,1198.66,Carla Mendes,MT,39.54,22.176591375770023,50.0,33.33333333333333,30.390143737166326,75.0
289,Estância Ouro Verde,Médio Produtor,Professional,2461.39,Diego Oliveira,MG,41.3,44.25051334702258,26.666666666666668,20.0,48.25462012320328,75.0
290,Sítio Esperança,Grande Produtor,Enterprise,2553.2,Diego Oliveira,RS,65.82,80.49281314168378,47.61904761904762,41.66666666666667,82.95687885010267,75.0
291,Sítio Esperança,Pequeno Produtor,Starter,710.4,Diego Oliveira,TO,42.66,16.83778234086242,50.0,50.0,17.248459958932237,100.0
292,Sítio Primavera,Médio Produtor,Professional,1544.88,Diego Oliveira,MG,65.02,79.5687885010267,66.66666666666667,80.95238095238095,78.02874743326488,0.0
294,Granja Paraíso Silva,Médio Produtor,Professional,961.91,Diego Oliveira,SC,80.76,81.72484599589322,88.88888888888889,75.0,81.51950718685832,75.0
295,Haras Bom Futuro,Grande Produtor,Enterprise,7281.79,Ana Silva,GO,57.54,70.84188911704312,33.333333333333336,36.666666666666664,72.8952772073922,75.0
296,Rancho Ouro Verde Ferreira,Pequeno Produtor,Professional,543.82,Ana Silva,SP,51.08,19.404517453798768,53.333333333333336,100.0,21.560574948665298,75.0
297,Fazenda Sol Nascente,Grande Produtor,Professional,7797.44,Bruno Costa,MS,81.73,93.42915811088297,77.77777777777779,82.35294117647058,94.25051334702259,50.0
298,Fazenda Campo Belo,Médio Produtor,Professional,1604.33,Carla Mendes,MT,74.41,86.652977412731,75.0,83.33333333333334,86.652977412731,25.0
299,Sítio Nova Era Souza,Médio Produtor,Starter,980.75,Bruno Costa,GO,57.56,57.186858316221766,55.55555555555556,41.66666666666667,62.83367556468173,75.0
300,Granja União,Médio Produtor,Professional,2018.54,Carla Mendes,SP,53.5,58.31622176591375,73.33333333333333,66.66666666666666,54.62012320328542,0.0
301,Sítio Esperança,Médio Produtor,Starter,2390.02,Diego Oliveira,TO,56.82,74.33264887063655,44.44444444444444,57.14285714285714,70.84188911704312,25.0
302,Estância Santa Fé,Médio Produtor,Starter,2298.36,Bruno Costa,PR,64.67,72.07392197125256,50.0,50.0,77.00205338809035,75.0
304,Haras Ouro Verde,Cooperativa,Professional,24291.55,Carla Mendes,SC,78.09,99.58932238193019,66.66666666666666,80.5243445692884,100.0,25.0
305,Fazenda Nova Era Silva,Pequeno Produtor,Professional,684.98,Ana Silva,MT,52.22,50.92402464065708,50.0,77.77777777777779,50.92402464065708,25.0
306,Rancho Esperança,Médio Produtor,Starter,905.46,Bruno Costa,SC,61.39,70.32854209445586,50.0,60.0,71.5605749486653,50.0
307,Haras Campo Belo,Grande Produtor,Professional,5586.99,Bruno Costa,SP,70.15,90.96509240246407,50.0,57.77777777777777,91.78644763860369,50.0
308,Granja Bela Vista,Pequeno Produtor,Starter,572.34,Carla Mendes,GO,46.51,45.9958932238193,50.0,50.0,37.57700205338809,50.0
309,Sítio Progresso,Médio Produtor,Enterprise,1300.1,Carla Mendes,MT,82.66,73.71663244353182,80.95238095238095,91.66666666666666,73.51129363449692,100.0
310,Granja Serra Verde,Pequeno Produtor,Professional,762.5,Elena Santos,TO,36.59,13.860369609856264,33.33333333333333,100.0,13.552361396303903,25.0
312,Granja Primavera,Pequeno Produtor,Starter,328.01,Diego Oliveira,SP,39.02,26.283367556468175,55.55555555555556,50.0,19.199178644763858,50.0
313,Fazenda Bom Futuro Oliveira,Pequeno Produtor,Starter,344.21,Bruno Costa,SP,44.01,28.02874743326489,50.0,33.33333333333333,26.69404517453799,100.0
314,Fazenda Progresso,Grande Produtor,Professional,4562.27,Ana Silva,SC,66.62,87.67967145790554,26.666666666666668,33.33333333333333,88.50102669404517,100.0
315,Granja Ouro Verde,Médio Produtor,Professional,1158.33,Ana Silva,MG,81.05,84.39425051334702,66.66666666666666,70.83333333333334,87.26899383983573,100.0
316,Estância Bela Vista Silva,Médio Produtor,Starter,1580.68,Ana Silva,MT,49.87,60.57494866529775,50.0,40.0,64.8870636550308,25.0
317,Haras Paraíso Ferreira,Pequeno Produtor,Professional,442.67,Carla Mendes,SP,43.94,42.813141683778234,50.0,50.0,47.43326488706365,25.0
318,Rancho Bom Futuro,Médio Produtor,Starter,2377.68,Ana Silva,SP,29.85,31.006160164271044,33.33333333333333,33.33333333333333,25.051334702258725,25.0
319,Granja Bela Vista dos Santos,Médio Produtor,Professional,1031.85,Elena Santos,SP,79.69,79.15811088295688,83.33333333333334,77.77777777777779,82.13552361396303,75.0
321,Fazenda Serra Verde,Médio Produtor,Starter,994.86,Carla Mendes,MT,74.39,82.54620123203286,66.66666666666666,79.16666666666666,85.42094455852155,50.0
322,Sítio Campo Belo,Pequeno Produtor,Professional,492.31,Carla Mendes,MS,56.24,50.41067761806981,83.33333333333334,83.33333333333334,51.54004106776181,0.0
323,Sítio Sol Nascente,Médio Produtor,Starter,1793.09,Ana Silva,BA,74.07,78.54209445585215,55.55555555555556,66.66666666666667,74.94866529774127,100.0
324,Granja Esperança Ferreira,Pequeno Produtor,Starter,607.75,Bruno Costa,MG,37.29,13.860369609856264,33.33333333333333,50.0,10.780287474332649,100.0
325,Fazenda Alto Alegre,Grande Produtor,Enterprise,3270.01,Ana Silva,TO,70.41,92.40246406570843,33.33333333333333,53.333333333333336,93.63449691991786,75.0
326,Granja Serra Verde Ferreira,Médio Produtor,Professional,1161.69,Bruno Costa,SC,29.8,31.724845995893226,25.0,33.33333333333333,32.238193018480494,25.0
327,Sítio Recanto,Pequeno Produtor,Starter,206.36,Bruno Costa,PR,51.4,15.503080082135522,50.0,100.0,12.628336755646819,100.0
328,Granja Terra Rica,Médio Produtor,Professional,1409.95,Carla Mendes,RS,51.62,66.11909650924025,60.0,41.66666666666667,55.03080082135524,25.0
329,Sítio Bom Futuro,Grande Produtor,Starter,6066.89,Carla Mendes,MS,67.93,85.72895277207392,44.44444444444444,51.515151515151516,80.28747433264887,75.0
330,Granja Santa Maria,Médio Produtor,Enterprise,932.32,Diego Oliveira,PR,57.34,68.17248459958932,46.666666666666664,46.666666666666664,70.63655030800821,50.0
331,Haras Esperança,Pequeno Produtor,Starter,508.72,Bruno Costa,BA,40.17,35.318275154004105,66.66666666666666,50.0,40.04106776180698,0.0
332,Granja Recanto Ferreira,Grande Produtor,Professional,5148.34,Ana Silva,SP,71.24,95.27720739219713,66.66666666666667,78.26086956521739,92.1971252566735,0.0
333,Haras Serra Verde,Grande Produtor,Starter,3414.88,Diego Oliveira,GO,73.23,90.14373716632443,55.55555555555556,69.23076923076923,91.17043121149896,50.0
335,Fazenda Nova Era,Pequeno Produtor,Professional,753.41,Ana Silva,SC,58.83,55.95482546201232,50.0,55.55555555555556,62.422997946611915,75.0
336,Granja Bela Vista,Médio Produtor,Professional,1829.37,Carla Mendes,BA,76.27,70.02053388090349,80.0,83.33333333333334,74.2299794661191,75.0
337,Haras Recanto Silva,Médio Produtor,Starter,873.85,Carla Mendes,MT,57.64,71.86858316221766,33.33333333333333,52.38095238095239,75.15400410677618,50.0
338,Fazenda Recanto,Médio Produtor,Starter,2260.39,Diego Oliveira,SC,56.36,64.37371663244353,33.33333333333333,33.333333333333336,59.65092402464066,100.0
339,Granja Ouro Verde,Pequeno Produtor,Professional,612.66,Bruno Costa,TO,52.74,43.634496919917865,73.33333333333333,50.0,29.568788501026695,75.0
340,Haras Bom Futuro,Pequeno Produtor,Professional,652.98,Carla Mendes,MG,51.3,30.49281314168378,73.33333333333333,50.0,38.809034907597535,75.0
341,Granja Paraíso,Médio Produtor,Professional,1988.83,Diego Oliveira,SP,35.74,38.70636550308008,50.0,25.0,36.55030800821355,25.0
342,Sítio Terra Rica dos Santos,Pequeno Produtor,Enterprise,203.17,Ana Silva,BA,44.87,15.503080082135522,55.55555555555556,100.0,11.90965092402464,50.0
343,Fazenda Nova Era,Grande Produtor,Professional,6108.96,Carla Mendes,SC,63.23,83.77823408624229,50.0,41.17647058823529,82.75154004106776,50.0
344,Sítio Horizonte Silva,Pequeno Produtor,Starter,559.71,Ana Silva,MG,46.88,48.97330595482546,50.0,55.55555555555556,48.870636550308014,25.0
345,Fazenda Bela Vista Ferreira,Cooperativa,Professional,14003.17,Ana Silva,TO,76.55,98.15195071868584,53.333333333333336,70.66666666666667,98.56262833675564,50.0
346,Rancho Alto Alegre dos Santos,Pequeno Produtor,Enterprise,365.9,Bruno Costa,SC,38.77,25.154004106776178,33.33333333333333,33.33333333333333,20.739219712525667,100.0
347,Estância Santa Fé,Pequeno Produtor,Enterprise,681.77,Ana Silva,TO,39.83,27.31006160164271,50.0,50.0,27.51540041067762,50.0
348,Estância Alto Alegre,Grande Produtor,Professional,3918.01,Bruno Costa,MT,63.14,88.91170431211499,33.33333333333333,46.666666666666664,87.06365503080082,50.0
349,Sítio Recanto Silva,Pequeno Produtor,Starter,604.22,Bruno Costa,RS,44.27,29.568788501026695,50.0,50.0,28.131416837782343,75.0
351,Rancho Recanto,Grande Produtor,Professional,6148.83,Carla Mendes,RS,75.89,86.24229979466119,50.0,79.16666666666666,86.24229979466119,75.0
352,Rancho Primavera,Pequeno Produtor,Professional,506.68,Carla Mendes,SP,38.32,16.83778234086242,33.33333333333333,50.0,12.217659137577003,100.0
353,Fazenda Santa Maria,Médio Produtor,Starter,1966.78,Bruno Costa,BA,45.33,38.19301848049281,33.33333333333333,25.0,45.58521560574948,100.0
354,Granja Campo Belo,Médio Produtor,Starter,1841.72,Bruno Costa,RS,38.46,44.25051334702258,50.0,26.666666666666668,41.581108829568784,25.0
355,Fazenda Água Clara,Pequeno Produtor,Professional,651.32,Ana Silva,SC,54.63,39.630390143737166,66.66666666666667,50.0,50.71868583162218,75.0
357,Sítio Água Clara,Médio Produtor,Starter,1755.64,Ana Silva,MG,83.28,86.85831622176592,66.66666666666666,80.95238095238095,85.21560574948666,100.0
358,Haras Paraíso Ferreira,Pequeno Produtor,Starter,416.58,Bruno Costa,SC,62.32,64.37371663244353,55.55555555555556,55.55555555555556,63.75770020533881,75.0
359,Haras União,Pequeno Produtor,Professional,413.07,Bruno Costa,MS,37.96,39.630390143737166,53.333333333333336,44.44444444444444,42.50513347022588,0.0
360,Haras Serra Verde,Pequeno Produtor,Professional,442.86,Bruno Costa,TO,51.43,20.02053388090349,50.0,100.0,25.87268993839836,75.0
361,Haras Sol Nascente,Médio Produtor,Starter,1556.33,Ana Silva,MG,52.2,63.75770020533881,44.44444444444444,40.0,59.34291581108829,50.0
362,Fazenda Esperança Silva,Pequeno Produtor,Starter,257.33,Diego Oliveira,MG,42.04,29.568788501026695,50.0,50.0,35.728952772073924,50.0
363,Estância Primavera,Médio Produtor,Enterprise,1325.93,Carla Mendes,SC,44.42,37.16632443531827,23.80952380952381,25.0,51.84804928131417,100.0
364,Granja Ouro Verde,Grande Produtor,Professional,3243.13,Diego Oliveira,SC,73.3,94.04517453798768,55.55555555555556,60.0,95.89322381930184,50.0
365,Fazenda Santa Maria,Pequeno Produtor,Starter,523.8,Ana Silva,PR,49.05,18.583162217659137,66.66666666666666,100.0,17.864476386036962,50.0
366,Granja Terra Rica Ferreira,Pequeno Produtor,Professional,204.99,Diego Oliveira,BA,55.0,37.67967145790554,66.66666666666667,50.0,36.24229979466119,100.0
367,Granja Paraíso,Pequeno Produtor,Starter,642.27,Carla Mendes,MT,57.98,48.25462012320328,77.77777777777779,66.66666666666666,47.63860369609856,50.0
368,Haras Santa Fé,Pequeno Produtor,Professional,685.29,Bruno Costa,MT,26.24,12.114989733059549,33.33333333333333,50.0,13.963039014373715,25.0
369,Estância Água Clara Souza,Médio Produtor,Professional,1345.09,Elena Santos,SP,71.02,69.50718685831622,83.33333333333334,75.0,72.38193018480493,50.0
370,Fazenda Campo Belo Silva,Pequeno Produtor,Starter,496.15,Diego Oliveira,SP,37.63,26.591375770020537,33.33333333333333,50.0,34.08624229979466,50.0
371,Fazenda Esperança,Pequeno Produtor,Starter,525.92,Bruno Costa,GO,41.24,16.324435318275153,50.0,100.0,17.04312114989733,25.0
372,Sítio Primavera,Pequeno Produtor,Enterprise,348.3,Carla Mendes,MT,38.81,16.83778234086242,55.55555555555556,100.0,17.453798767967147,0.0
373,Estância São José,Grande Produtor,Starter,6505.3,Bruno Costa,GO,87.31,94.6611909650924,83.33333333333334,84.0,94.6611909650924,75.0
374,Sítio Santa Maria,Cooperativa,Starter,15380.75,Ana Silva,TO,81.38,96.91991786447639,66.66666666666666,85.8974358974359,95.68788501026694,50.0
375,Granja Campo Belo,Médio Produtor,Professional,1813.56,Ana Silva,SP,81.07,77.00205338809035,83.33333333333334,73.33333333333333,77.41273100616016,100.0
376,Haras Terra Rica,Pequeno Produtor,Professional,620.8,Carla Mendes,RS,34.42,7.392197125256674,33.33333333333333,100.0,10.780287474332649,25.0
377,Granja Serra Verde,Médio Produtor,Starter,1442.21,Diego Oliveira,RS,71.62,82.75154004106776,50.0,66.66666666666666,81.72484599589322,75.0
378,Sítio Santa Fé Oliveira,Pequeno Produtor,Starter,408.6,Ana Silva,SC,69.23,58.0082135523614,66.66666666666666,66.66666666666666,65.29774127310061,100.0
379,Granja Sol Nascente,Pequeno Produtor,Starter,582.82,Bruno Costa,MG,33.87,24.229979466119097,50.0,50.0,20.32854209445585,25.0
380,Fazenda Esperança,Médio Produtor,Professional,1458.73,Carla Mendes,MG,79.4,81.3141683778234,60.0,76.19047619047619,84.18891170431212,100.0
381,Haras Bom Futuro,Pequeno Produtor,Enterprise,307.18,Ana Silva,SC,30.01,7.392197125256674,33.33333333333333,100.0,7.494866529774128,0.0
382,Fazenda Santa Fé,Médio Produtor,Professional,883.45,Carla Mendes,SP,51.75,58.82956878850103,50.0,41.66666666666667,56.05749486652978,50.0
383,Haras Boa Vista,Pequeno Produtor,Professional,734.26,Carla Mendes,MG,48.24,40.34907597535934,50.0,50.0,34.496919917864474,75.0
384,Rancho Esperança,Grande Produtor,Enterprise,3034.16,Diego Oliveira,TO,60.34,84.70225872689939,33.33333333333333,40.0,85.01026694045176,50.0
385,Haras Progresso,Pequeno Produtor,Professional,599.15,Carla Mendes,TO,39.12,10.780287474332649,33.33333333333333,100.0,11.293634496919918,50.0
386,Granja Sol Nascente,Pequeno Produtor,Starter,389.09,Diego Oliveira,GO,62.46,52.361396303901444,88.88888888888889,66.66666666666666,53.798767967145785,50.0
387,Sítio Serra Verde Silva,Pequeno Produtor,Professional,646.75,Ana Silva,GO,29.9,13.141683778234087,33.333333333333336,50.0,12.217659137577003,50.0
389,Rancho Progresso,Pequeno Produtor,Starter,380.18,Bruno Costa,TO,69.61,63.347022587268995,66.66666666666666,88.88888888888889,57.08418891170432,75.0
390,Rancho Ouro Verde,Grande Produtor,Starter,6032.4,Elena Santos,MG,73.61,89.11704312114989,66.66666666666666,81.48148148148148,89.73305954825463,25.0
391,Granja União,Grande Produtor,Starter,6090.29,Bruno Costa,GO,48.68,69.50718685831622,33.33333333333333,37.5,66.94045174537987,25.0
393,Granja Nova Era,Médio Produtor,Starter,1478.63,Ana Silva,TO,58.21,62.62833675564682,55.55555555555556,77.77777777777779,60.677618069815196,25.0
394,Granja Boa Vista Souza,Pequeno Produtor,Professional,641.4,Diego Oliveira,BA,33.92,8.008213552361395,33.33333333333333,100.0,7.494866529774128,25.0
395,Granja Santa Fé,Pequeno Produtor,Starter,406.71,Elena Santos,RS,45.43,37.67967145790554,50.0,33.33333333333333,40.4517453798768,75.0
396,Sítio Paraíso,Pequeno Produtor,Professional,319.81,Diego Oliveira,MT,34.37,14.476386036960987,33.33333333333333,50.0,14.168377823408623,75.0
397,Estância Bela Vista,Pequeno Produtor,Professional,266.77,Carla Mendes,PR,43.87,41.68377823408625,66.66666666666667,50.0,31.82751540041068,25.0
398,Haras Paraíso Souza,Médio Produtor,Professional,1440.23,Bruno Costa,SP,50.85,54.20944558521561,50.0,25.0,55.23613963039015,75.0
399,Rancho Sol Nascente,Pequeno Produtor,Professional,597.79,Elena Santos,SC,52.72,55.95482546201232,50.0,44.44444444444444,61.70431211498973,50.0
400,Granja Santa Maria Ferreira,Cooperativa,Starter,13362.75,Elena Santos,MT,78.19,98.97330595482546,50.0,62.00716845878136,98.97330595482546,75.0
401,Granja Água Clara,Pequeno Produtor,Starter,294.2,Elena Santos,MT,46.63,44.6611909650924,66.66666666666666,50.0,41.889117043121146,25.0
402,Granja Paraíso,Grande Produtor,Enterprise,6981.72,Diego Oliveira,GO,65.82,75.25667351129364,38.88888888888889,41.66666666666667,79.46611909650923,100.0
403,Granja Nova Era,Pequeno Produtor,Professional,455.88,Ana Silva,MT,33.14,22.176591375770023,25.0,50.0,25.46201232032854,50.0
404,Granja Esperança Silva,Médio Produtor,Enterprise,2346.26,Ana Silva,SP,53.98,61.601642710472284,33.33333333333333,27.77777777777778,56.77618069815195,100.0
405,Sítio Progresso Ferreira,Médio Produtor,Enterprise,1503.87,Ana Silva,TO,78.53,83.16221765913757,75.0,77.77777777777779,79.67145790554414,75.0
406,Rancho União,Pequeno Produtor,Professional,338.55,Diego Oliveira,TO,30.57,8.726899383983573,33.33333333333333,100.0,8.624229979466119,0.0
407,Fazenda Água Clara,Médio Produtor,Professional,1112.76,Bruno Costa,GO,45.48,53.59342915811089,33.333333333333336,33.33333333333333,56.262833675564686,50.0
408,Rancho Sol Nascente,Médio Produtor,Enterprise,2088.22,Bruno Costa,SP,43.8,38.70636550308008,33.33333333333333,33.33333333333333,28.952772073921974,100.0
410,Estância Santa Fé Oliveira,Cooperativa,Starter,14585.76,Elena Santos,TO,73.88,95.48254620123203,50.0,86.02150537634408,95.27720739219713,25.0
411,Haras Bela Vista Souza,Grande Produtor,Professional,7470.22,Carla Mendes,MS,79.99,95.89322381930184,80.0,84.84848484848484,96.50924024640656,25.0
412,Haras Progresso,Médio Produtor,Starter,1803.54,Bruno Costa,MG,73.7,83.9835728952772,50.0,70.83333333333334,86.44763860369609,75.0
414,Fazenda União,Pequeno Produtor,Starter,661.49,Carla Mendes,SP,45.33,20.02053388090349,55.55555555555556,100.0,27.31006160164271,25.0
415,Haras Primavera,Médio Produtor,Starter,1579.69,Ana Silva,RS,64.51,78.2340862422998,66.66666666666666,83.33333333333334,74.74332648870636,0.0
416,Fazenda Horizonte,Pequeno Produtor,Professional,346.83,Ana Silva,PR,76.24,61.293634496919914,75.0,88.88888888888889,65.70841889117042,100.0
418,Fazenda Ouro Verde,Médio Produtor,Professional,2442.7,Elena Santos,MG,59.72,73.30595482546201,41.66666666666667,37.5,71.5605749486653,75.0
419,Granja São José Ferreira,Pequeno Produtor,Starter,616.77,Diego Oliveira,MG,23.49,19.404517453798768,33.33333333333333,50.0,9.856262833675565,0.0
420,Granja Terra Rica,Médio Produtor,Professional,2387.62,Carla Mendes,TO,76.82,79.5687885010267,58.333333333333336,70.83333333333334,80.49281314168378,100.0
421,Fazenda Santa Maria,Médio Produtor,Professional,1874.16,Ana Silva,MG,42.95,63.75770020533881,33.33333333333333,44.44444444444444,57.28952772073922,0.0
422,Sítio Santa Maria,Médio Produtor,Starter,1846.02,Diego Oliveira,MT,70.44,75.564681724846,55.55555555555556,66.66666666666666,79.26078028747433,75.0
423,Rancho Recanto,Pequeno Produtor,Starter,380.17,Bruno Costa,SP,34.49,39.1170431211499,33.33333333333333,44.44444444444444,45.790554414784395,0.0
424,Rancho Bela Vista,Grande Produtor,Starter,7086.04,Ana Silva,RS,79.69,94.25051334702259,66.66666666666666,84.05797101449275,92.40246406570843,50.0
425,Estância Terra Rica Silva,Médio Produtor,Professional,2062.39,Carla Mendes,MT,47.28,72.58726899383984,41.66666666666667,38.095238095238095,65.91375770020534,0.0
426,Fazenda Serra Verde,Grande Produtor,Starter,4563.82,Ana Silva,MS,69.82,95.68788501026694,50.0,84.0,95.48254620123203,0.0
427,Fazenda Terra Rica,Médio Produtor,Starter,947.56,Bruno Costa,GO,70.64,67.45379876796714,77.77777777777779,66.66666666666666,68.17248459958932,75.0
428,Estância Campo Belo dos Santos,Grande Produtor,Professional,2637.14,Elena Santos,SC,86.5,94.45585215605749,77.77777777777779,86.95652173913044,93.42915811088297,75.0
429,Fazenda Paraíso,Médio Produtor,Starter,2031.77,Bruno Costa,MS,38.7,59.13757700205339,33.33333333333333,41.66666666666667,44.558521560574945,0.0
430,Estância Nova Era Oliveira,Médio Produtor,Starter,1684.98,Elena Santos,SC,70.3,84.18891170431212,66.66666666666666,75.0,85.83162217659137,25.0
431,Granja Esperança Oliveira,Pequeno Produtor,Professional,270.59,Carla Mendes,SC,41.14,6.570841889117044,33.33333333333333,100.0,7.905544147843943,75.0
432,Estância Bela Vista,Pequeno Produtor,Starter,622.61,Carla Mendes,PR,49.17,50.0,50.0,83.33333333333334,50.0,0.0
433,Granja Recanto,Pequeno Produtor,Enterprise,230.27,Ana Silva,RS,52.09,37.16632443531827,50.0,50.0,39.01437371663244,100.0
435,Estância Santa Fé,Médio Produtor,Enterprise,1044.33,Elena Santos,MG,54.04,62.62833675564682,25.0,28.57142857142857,63.347022587268995,100.0
436,Fazenda Bom Futuro,Médio Produtor,Starter,1584.11,Ana Silva,MG,51.85,64.8870636550308,55.55555555555556,58.333333333333336,64.27104722792608,0.0
437,Rancho Bom Futuro Silva,Pequeno Produtor,Professional,675.46,Carla Mendes,TO,63.23,56.67351129363449,53.333333333333336,55.55555555555556,61.39630390143738,100.0
438,Rancho Campo Belo,Pequeno Produtor,Enterprise,540.33,Carla Mendes,RS,47.2,36.139630390143736,61.11111111111111,50.0,42.19712525667351,50.0
439,Granja Horizonte,Pequeno Produtor,Enterprise,241.76,Diego Oliveira,PR,57.21,25.154004106776178,76.19047619047619,100.0,22.176591375770023,75.0
440,Estância Ouro Verde,Médio Produtor,Professional,1295.56,Elena Santos,MS,55.83,74.84599589322382,53.333333333333336,52.38095238095239,79.87679671457906,0.0
442,Granja Nova Era,Pequeno Produtor,Starter,218.71,Bruno Costa,RS,42.82,24.229979466119097,33.33333333333333,50.0,25.46201232032854,100.0
444,Estância Sol Nascente Ferreira,Pequeno Produtor,Professional,449.51,Bruno Costa,SP,49.86,36.139630390143736,66.66666666666667,50.0,31.211498973305957,75.0
445,Granja Primavera,Médio Produtor,Professional,1202.47,Elena Santos,MG,69.45,79.87679671457906,66.66666666666666,61.9047619047619,81.3141683778234,50.0
446,Haras Boa Vista,Médio Produtor,Enterprise,936.11,Carla Mendes,SC,81.29,85.72895277207392,76.19047619047619,79.16666666666666,87.67967145790554,75.0
447,Granja Campo Belo,Médio Produtor,Starter,889.72,Elena Santos,MT,53.61,67.45379876796714,50.0,60.0,73.71663244353182,0.0
448,Granja Progresso,Pequeno Produtor,Starter,753.72,Carla Mendes,MT,37.64,29.568788501026695,33.33333333333333,33.33333333333333,28.336755646817245,75.0
449,Estância Água Clara,Grande Produtor,Professional,4077.49,Ana Silva,SP,78.79,89.93839835728953,88.88888888888889,83.33333333333334,90.55441478439425,25.0
450,Haras Sol Nascente,Médio Produtor,Professional,2347.22,Ana Silva,SC,64.31,78.54209445585215,33.33333333333333,50.0,83.77823408624229,75.0
451,Rancho Sol Nascente,Grande Produtor,Starter,2964.21,Elena Santos,PR,58.69,83.3675564681725,50.0,58.333333333333336,80.9034907597536,0.0
452,Estância Primavera,Pequeno Produtor,Professional,407.05,Bruno Costa,SC,75.27,63.347022587268995,75.0,77.77777777777779,69.40451745379876,100.0
454,Estância Campo Belo dos Santos,Médio Produtor,Starter,2360.11,Carla Mendes,MT,82.81,88.50102669404517,88.88888888888889,87.5,89.5277207392197,50.0
455,Granja Campo Belo,Médio Produtor,Starter,2114.36,Diego Oliveira,PR,55.59,71.35523613963038,50.0,37.5,63.75770020533881,50.0
456,Rancho Terra Rica Oliveira,Pequeno Produtor,Starter,205.09,Ana Silva,MT,59.82,32.238193018480494,83.33333333333334,100.0,37.98767967145791,50.0
458,Haras Boa Vista,Pequeno Produtor,Professional,588.74,Bruno Costa,MT,38.71,12.114989733059549,50.0,100.0,9.650924024640657,25.0
459,Fazenda Água Clara,Médio Produtor,Professional,1934.88,Bruno Costa,MT,71.86,73.51129363449692,66.66666666666666,66.66666666666667,77.82340862422998,75.0
461,Fazenda Primavera dos Santos,Grande Produtor,Professional,3068.08,Diego Oliveira,SP,64.1,73.92197125256673,50.0,30.0,73.1006160164271,100.0
462,Rancho Ouro Verde,Médio Produtor,Starter,1990.09,Diego Oliveira,MG,55.68,60.98562628336756,50.0,44.44444444444444,70.2258726899384,50.0
464,Sítio Serra Verde,Pequeno Produtor,Enterprise,404.04,Bruno Costa,MG,26.55,10.780287474332649,25.0,50.0,6.7761806981519515,50.0
465,Haras Recanto Souza,Médio Produtor,Starter,944.27,Ana Silva,MG,69.42,81.00616016427105,55.55555555555556,70.83333333333334,81.93018480492813,50.0
466,Haras São José,Médio Produtor,Professional,1649.46,Bruno Costa,GO,49.6,45.17453798767967,50.0,27.77777777777778,57.49486652977412,75.0
467,Haras União,Grande Produtor,Professional,5021.04,Ana Silva,SP,78.41,94.8665297741273,55.55555555555556,85.33333333333333,95.07186858316223,50.0
469,Haras Recanto,Pequeno Produtor,Professional,569.38,Ana Silva,MS,44.55,5.95482546201232,33.33333333333333,100.0,6.981519507186857,100.0
471,Fazenda Horizonte,Pequeno Produtor,Professional,280.02,Ana Silva,MT,39.7,31.006160164271044,20.0,33.33333333333333,31.416837782340863,100.0
472,Sítio Progresso,Pequeno Produtor,Professional,663.54,Bruno Costa,SP,59.1,60.06160164271047,66.66666666666666,55.55555555555556,60.677618069815196,50.0
473,Granja Esperança,Médio Produtor,Professional,1840.48,Ana Silva,SC,52.04,52.361396303901444,66.66666666666666,77.77777777777779,50.308008213552355,0.0
474,Rancho Primavera dos Santos,Médio Produtor,Professional,1864.99,Diego Oliveira,SP,60.29,71.35523613963038,66.66666666666666,66.66666666666666,60.16427104722793,25.0
475,Sítio Santa Maria,Médio Produtor,Starter,1538.94,Carla Mendes,MG,61.49,65.91375770020534,44.44444444444444,53.333333333333336,71.04722792607802,75.0
476,Estância Sol Nascente Souza,Pequeno Produtor,Starter,466.89,Diego Oliveira,GO,57.96,53.59342915811089,55.55555555555556,55.55555555555556,55.441478439425055,75.0
477,Rancho Progresso,Pequeno Produtor,Starter,482.59,Elena Santos,PR,36.27,26.591375770020537,50.0,50.0,29.36344969199179,25.0
478,Fazenda Água Clara Souza,Médio Produtor,Starter,1409.6,Diego Oliveira,RS,54.52,50.41067761806981,50.0,26.666666666666668,57.90554414784395,100.0
479,Granja Sol Nascente Ferreira,Pequeno Produtor,Professional,331.91,Ana Silva,RS,35.93,33.67556468172484,44.44444444444444,50.0,43.121149897330596,0.0
480,Sítio Campo Belo,Grande Produtor,Starter,5104.19,Elena Santos,GO,58.23,91.78644763860369,33.33333333333333,51.515151515151516,91.58110882956879,0.0
481,Haras Esperança,Grande Produtor,Professional,3319.33,Bruno Costa,GO,71.63,86.44763860369609,73.33333333333333,79.16666666666666,78.85010266940452,25.0
482,Fazenda Santa Maria,Pequeno Produtor,Professional,615.9,Carla Mendes,MT,41.48,41.067761806981515,55.55555555555556,50.0,50.513347022587276,0.0
483,Haras Bom Futuro Oliveira,Pequeno Produtor,Professional,542.23,Ana Silva,RS,37.2,18.583162217659137,50.0,33.33333333333333,23.203285420944557,75.0
484,Haras Paraíso,Médio Produtor,Starter,1866.42,Diego Oliveira,GO,64.69,76.18069815195072,66.66666666666666,83.33333333333334,78.2340862422998,0.0
485,Fazenda Bom Futuro,Médio Produtor,Starter,2297.44,Elena Santos,TO,57.55,65.50308008213553,50.0,29.166666666666668,70.4312114989733,75.0
486,Estância Sol Nascente,Pequeno Produtor,Starter,588.9,Ana Silva,RS,69.93,59.65092402464066,83.33333333333334,88.88888888888889,46.61190965092403,75.0
